{
  "width": 5499,
  "height": 5219,
  "bounds": {
    "xmin": 2480430.0,
    "xmax": 2590420.0,
    "ymin": 1104660.0,
    "ymax": 1209050.0
  },
  "transform": [
    20.00181851245681,
    0.0,
    2480430.0,
    0.0,
    -20.001916075876608,
    1209050.0,
    0.0,
    0.0,
    1.0
  ],
  "crs": "EPSG:2056"
}